{
    "rouge_score": 0.47605072402810167,
    "cosine_similarity": 0.8960618218743658,
    "bert_score_f1": 0.7631894527489401,
    "final_score": 0.724622862850087,
    "grade": "C (Average)"
}